Workbook

Sheet Raw Data
A1: WPL Matches - Raw Data
A3: match_id | B3: season | C3: date | D3: team1 | E3: team2 | F3: venue | G3: city | H3: toss_winner | I3: toss_decision | J3: winner | K3: win_by_runs | L3: win_by_wickets | M3: player_of_match
A4: 1 | B4: 2023 | C4: 2023-02-23 | D4: Royal Challengers Bengaluru | E4: UP Warriorz | F4: M. Chinnaswamy Stadium | G4: Bengaluru | H4: UP Warriorz | I4: bat | J4: Royal Challengers Bengaluru | K4: 19 | L4: 0 | M4: Player_17
A5: 2 | B5: 2023 | C5: 2023-02-24 | D5: Mumbai Indians | E5: Gujarat Giants | F5: Brabourne Stadium | G5: Mumbai | H5: Mumbai Indians | I5: field | J5: Mumbai Indians | K5: 0 | L5: 1 | M5: Player_25
A6: 3 | B6: 2023 | C6: 2023-02-25 | D6: Mumbai Indians | E6: UP Warriorz | F6: Brabourne Stadium | G6: Mumbai | H6: UP Warriorz | I6: field | J6: Mumbai Indians | K6: 26 | L6: 0 | M6: Player_4
A7: 4 | B7: 2023 | C7: 2023-02-26 | D7: Royal Challengers Bengaluru | E7: Gujarat Giants | F7: M. Chinnaswamy Stadium | G7: Bengaluru | H7: Gujarat Giants | I7: bat | J7: Royal Challengers Bengaluru | K7: 0 | L7: 5 | M7: Player_2
A8: 5 | B8: 2023 | C8: 2023-02-28 | D8: Delhi Capitals | E8: UP Warriorz | F8: Arun Jaitley Stadium | G8: Delhi | H8: Delhi Capitals | I8: field | J8: Delhi Capitals | K8: 0 | L8: 6 | M8: Player_19
A9: 6 | B9: 2023 | C9: 2023-03-01 | D9: Delhi Capitals | E9: Gujarat Giants | F9: Arun Jaitley Stadium | G9: Delhi | H9: Delhi Capitals | I9: bat | J9: Gujarat Giants | K9: 0 | L9: 2 | M9: Player_8
A10: 7 | B10: 2023 | C10: 2023-03-02 | D10: UP Warriorz | E10: Gujarat Giants | F10: BRSABV Ekana Stadium | G10: Lucknow | H10: Gujarat Giants | I10: field | J10: UP Warriorz | K10: 0 | L10: 3 | M10: Player_12
A11: 8 | B11: 2023 | C11: 2023-03-04 | D11: Delhi Capitals | E11: Royal Challengers Bengaluru | F11: Arun Jaitley Stadium | G11: Delhi | H11: Delhi Capitals | I11: field | J11: Royal Challengers Bengaluru | K11: 43 | L11: 0 | M11: Player_21
A12: 9 | B12: 2023 | C12: 2023-03-05 | D12: Mumbai Indians | E12: Delhi Capitals | F12: Brabourne Stadium | G12: Mumbai | H12: Mumbai Indians | I12: bat | J12: Mumbai Indians | K12: 0 | L12: 4 | M12: Player_22
A13: 10 | B13: 2023 | C13: 2023-03-07 | D13: Mumbai Indians | E13: Royal Challengers Bengaluru | F13: Brabourne Stadium | G13: Mumbai | H13: Mumbai Indians | I13: bat | J13: Royal Challengers Bengaluru | K13: 0 | L13: 7 | M13: Player_9
A14: 11 | B14: 2023 | C14: 2023-03-08 | D14: Royal Challengers Bengaluru | E14: UP Warriorz | F14: M. Chinnaswamy Stadium | G14: Bengaluru | H14: Royal Challengers Bengaluru | I14: field | J14: Royal Challengers Bengaluru | K14: 25 | L14: 0 | M14: Player_16
A15: 12 | B15: 2023 | C15: 2023-03-10 | D15: Mumbai Indians | E15: Delhi Capitals | F15: Brabourne Stadium | G15: Mumbai | H15: Mumbai Indians | I15: field | J15: Mumbai Indians | K15: 0 | L15: 6 | M15: Player_21
... A39: 36 | B39: 2025 | C39: 2025-03-08 | D39: Mumbai Indians | E39: Delhi Capitals | F39: Brabourne Stadium | G39: Mumbai | H39: Mumbai Indians | I39: field | J39: Mumbai Indians | K39: 0 | L39: 6 | M39: Player_4

Sheet Team Summary
A1: Team-wise Win Summary
A3: Team | B3: Total Wins | C3: Matches Played | D3: Win %
A4: Delhi Capitals | B4: =COUNTIF('Raw Data'!$J$4:$J$39,A4) -> 7 | C4: =COUNTIF('Raw Data'!$D$4:$D$39,A4)+COUNTIF('Raw Data'!$E$4:$E$39,A4) -> 15 | D4: =IFERROR(B4/C4,0) -> 0.46666667
A5: Gujarat Giants | B5: =COUNTIF('Raw Data'!$J$4:$J$39,A5) -> 4 | C5: =COUNTIF('Raw Data'!$D$4:$D$39,A5)+COUNTIF('Raw Data'!$E$4:$E$39,A5) -> 14 | D5: =IFERROR(B5/C5,0) -> 0.28571429
A6: Mumbai Indians | B6: =COUNTIF('Raw Data'!$J$4:$J$39,A6) -> 10 | C6: =COUNTIF('Raw Data'!$D$4:$D$39,A6)+COUNTIF('Raw Data'!$E$4:$E$39,A6) -> 15 | D6: =IFERROR(B6/C6,0) -> 0.66666667
A7: Royal Challengers Bengaluru | B7: =COUNTIF('Raw Data'!$J$4:$J$39,A7) -> 9 | C7: =COUNTIF('Raw Data'!$D$4:$D$39,A7)+COUNTIF('Raw Data'!$E$4:$E$39,A7) -> 15 | D7: =IFERROR(B7/C7,0) -> 0.6
A8: UP Warriorz | B8: =COUNTIF('Raw Data'!$J$4:$J$39,A8) -> 6 | C8: =COUNTIF('Raw Data'!$D$4:$D$39,A8)+COUNTIF('Raw Data'!$E$4:$E$39,A8) -> 13 | D8: =IFERROR(B8/C8,0) -> 0.46153846

Sheet Toss Analysis
A1: Toss Impact Analysis
A3: Metric | B3: Count
A4: Toss Winner Won Match | B4: =SUMPRODUCT(--('Raw Data'!$H$4:$H$39='Raw Data'!$J$4:$J$39)) -> 17
A5: Toss Winner Lost Match | B5: =(39-3)-B4 -> 19
A7: Toss Decision | B7: Times Chosen
A8: bat | B8: =COUNTIF('Raw Data'!$I$4:$I$39,"bat") -> 16
A9: field | B9: =COUNTIF('Raw Data'!$I$4:$I$39,"field") -> 20

Sheet Season Trend
A1: Matches Played Per Season
A3: Season | B3: Matches Played
A4: 2023 | B4: =COUNTIF('Raw Data'!$B$4:$B$39,A4) -> 12
A5: 2024 | B5: =COUNTIF('Raw Data'!$B$4:$B$39,A5) -> 12
A6: 2025 | B6: =COUNTIF('Raw Data'!$B$4:$B$39,A6) -> 12

Sheet Venue Summary
A1: Matches Hosted Per Venue
A3: Venue | B3: Matches Hosted
A4: Arun Jaitley Stadium | B4: =COUNTIF('Raw Data'!$F$4:$F$39,A4) -> 9
A5: BRSABV Ekana Stadium | B5: =COUNTIF('Raw Data'!$F$4:$F$39,A5) -> 3
A6: Brabourne Stadium | B6: =COUNTIF('Raw Data'!$F$4:$F$39,A6) -> 15
A7: M. Chinnaswamy Stadium | B7: =COUNTIF('Raw Data'!$F$4:$F$39,A7) -> 9

Sheet Notes
A1: Data Source Notes
A3: This workbook uses a sample dataset with the same column structure as the real Kaggle WPL dataset (kaggle.com/datasets/sahiltailor/womens-premier-league-2023-2024-ball-by-ball). 2023 & 2025 finals (Mumbai Indians) and 2024 final (RCB) reflect real results; other league-stage match outcomes are randomly generated for demo purposes. Replace 'Raw Data' with the real matches.csv (same headers) to make every number in this workbook reflect actual WPL results.
